{
  "N": 18324,
  "d": 2560,
  "K": 256,
  "n_empty_clusters": 0,
  "margin_percentiles": {
    "p1": 0.0038611091673374175,
    "p5": 0.014431197196245197,
    "p25": 0.0480831004679203,
    "p50": 0.09006989002227783,
    "p75": 0.1589621938765049,
    "p95": 0.3285277038812637,
    "p99": 0.4436751794815064
  },
  "margin_mean": 0.11861880868673325,
  "margin_std": 0.09799075126647949,
  "fraction_below": {
    "0.01": 0.030833879065706178,
    "0.05": 0.26337044313468677,
    "0.10": 0.5476424361493124
  },
  "fit_up_to": 0.1,
  "L_fit_least_squares": 5.413556007832435,
  "L_worst_case": 11.047806814361767
}